{"p4": {"a": {"up": 1.0, "lower": 0.0, "n128": "problem 4a, n = 128, result = 0.743924, impl. error = 0.000000\n", "n256": "problem 4a, n = 256, result = 0.745381, impl. error = 0.000000\n", "n512": "problem 4a, n = 512, result = 0.746104, impl. error = 0.000000\n"}, "b": {"up": 6.283185307179586, "lower": 0.0, "n128": "problem 4b, n = 128, result = 3.611230, impl. error = 0.016369\n", "n256": "problem 4b, n = 256, result = 3.619417, impl. error = 0.008182\n", "n512": "problem 4b, n = 512, result = 3.623508, impl. error = 0.000000\n"}}, "p5": {"a": 0.0, "b": 5.0, "e": 0.001, "zero": 1.6473388671875, "iterations": "current m = 1.250\ncurrent m = 1.875\ncurrent m = 1.562\ncurrent m = 1.719\ncurrent m = 1.641\ncurrent m = 1.680\ncurrent m = 1.660\ncurrent m = 1.650\ncurrent m = 1.646\ncurrent m = 1.648\ncurrent m = 1.647\ncurrent m = 1.647\n"}, "p6": {"maxiter": 100, "d": 1e-06, "e": 1e-06, "a": {"guess1": -1.0, "res1": {"zero": -0.4589622741948416, "iter": "x1 = -0.587 at k = 1\nx1 = -0.470 at k = 2\nx1 = -0.459 at k = 3\nx1 = -0.459 at k = 4\n"}, "guess2": 1.0, "res2": {"zero": 0.9100075725488879, "iter": "x1 = 0.914 at k = 1\nx1 = 0.910 at k = 2\nx1 = 0.910 at k = 3\n"}, "guess3": 4.5, "res3": {"zero": 3.733079028754936, "iter": "x1 = 4.036 at k = 1\nx1 = 3.797 at k = 2\nx1 = 3.737 at k = 3\nx1 = 3.733 at k = 4\nx1 = 3.733 at k = 5\n"}}, "b": {"guess": 2.0, "zero": 1.128425092995175, "iter": "x1 = 1.116 at k = 1\nx1 = 1.128 at k = 2\nx1 = 1.128 at k = 3\n"}}, "p6exact": {"maxiter": 100, "d": 1e-06, "e": 1e-06, "a": {"guess1": -1.0, "res1": {"zero": -0.45896227419484104, "iter": "x1 = -0.587 at k = 1\nx1 = -0.470 at k = 2\nx1 = -0.459 at k = 3\nx1 = -0.459 at k = 4\n"}, "guess2": 1.0, "res2": {"zero": 0.9100075725488881, "iter": "x1 = 0.914 at k = 1\nx1 = 0.910 at k = 2\nx1 = 0.910 at k = 3\n"}, "guess3": 4.5, "res3": {"zero": 3.7330790287549354, "iter": "x1 = 4.036 at k = 1\nx1 = 3.797 at k = 2\nx1 = 3.737 at k = 3\nx1 = 3.733 at k = 4\nx1 = 3.733 at k = 5\n"}}, "b": {"guess": 2.0, "zero": 1.128425092995175, "iter": ""}}}